name,price
Air Arms S510 Xtra FAC High Power Beech,£919.00
Air Arms S510 Xtra FAC High Power Hunter Green,£969.00
Air Arms S510 Xtra FAC High Power Traditional,£969.00
Air Arms S510 Xtra FAC High Power Walnut,"£1,019.00"
Webley Eclipse Compact,£449.95
Webley En4cer 14 shot Air Rifle .177 with Quantum Silencer,£524.95
FX Verminator MkII Extreme FAC,"£1,699.95"
GSG 1911 LBP - Black,£415.00
GSG 1911 LBP - Stainless,£425.00
GSG 1911 LBP - Tan,£425.00
GSG Firefly Semi-Auto .22LR LBP,£385.00
Smith & Wesson M&P 15-22 Sport,£719.95
Umarex HDR 50 Revolver,£239.95
Umarex Glock 17 Gen 4,£199.95
Umarex HDX 68 Pump Action Shotgun,£449.95
Sig Sauer MCX Black .177,£349.95
